{
    "name": "AzureSqlTable1",
    "properties": {
        "linkedServiceName": {
            "referenceName": "LS_AzureSqlDatabase",
            "type": "LinkedServiceReference"
        },
        "annotations": [],
        "type": "AzureSqlTable",
        "schema": [
            {
                "name": "OrderId",
                "type": "nvarchar"
            },
            {
                "name": "Product",
                "type": "nvarchar"
            },
            {
                "name": "Amount",
                "type": "decimal",
                "precision": 10,
                "scale": 2
            },
            {
                "name": "sourceFileName",
                "type": "nvarchar"
            },
            {
                "name": "fileDate",
                "type": "date"
            }
        ],
        "typeProperties": {
            "schema": "dbo",
            "table": "H_ECOM_ORDER"
        }
    },
    "type": "Microsoft.DataFactory/factories/datasets"
}