{
    "name": "dataflow1",
    "properties": {
        "type": "MappingDataFlow",
        "typeProperties": {
            "sources": [
                {
                    "dataset": {
                        "referenceName": "CUST_MSTR_DATASET",
                        "type": "DatasetReference"
                    },
                    "name": "source1"
                },
                {
                    "dataset": {
                        "referenceName": "ds_master_child_export",
                        "type": "DatasetReference"
                    },
                    "name": "source2"
                },
                {
                    "dataset": {
                        "referenceName": "ds_H_ECOM_ORDER",
                        "type": "DatasetReference"
                    },
                    "name": "source3"
                }
            ],
            "sinks": [
                {
                    "dataset": {
                        "referenceName": "AzureSqlTable1",
                        "type": "DatasetReference"
                    },
                    "name": "sink1"
                },
                {
                    "dataset": {
                        "referenceName": "AzureSqlTable1",
                        "type": "DatasetReference"
                    },
                    "name": "sink2",
                    "rejectedDataLinkedService": {
                        "referenceName": "LS_AzureBlobStorage",
                        "type": "LinkedServiceReference"
                    }
                },
                {
                    "dataset": {
                        "referenceName": "AzureSqlTable1",
                        "type": "DatasetReference"
                    },
                    "name": "sink3",
                    "rejectedDataLinkedService": {
                        "referenceName": "LS_AzureBlobStorage",
                        "type": "LinkedServiceReference"
                    }
                }
            ],
            "transformations": [
                {
                    "name": "derivedColumn1"
                },
                {
                    "name": "derivedColumn2"
                },
                {
                    "name": "derivedColumn3"
                }
            ],
            "scriptLines": [
                "source(output(",
                "          CustomerID as string,",
                "          CustomerName as string,",
                "          City as string",
                "     ),",
                "     allowSchemaDrift: true,",
                "     validateSchema: false,",
                "     limit: 100,",
                "     ignoreNoFilesFound: false,",
                "     rowUrlColumn: 'sourceFileName') ~> source1",
                "source(output(",
                "          ParentID as string,",
                "          ChildID as string,",
                "          ChildName as string",
                "     ),",
                "     allowSchemaDrift: true,",
                "     validateSchema: false,",
                "     ignoreNoFilesFound: false,",
                "     rowUrlColumn: 'sourceFileName') ~> source2",
                "source(output(",
                "          OrderID as string,",
                "          Product as string,",
                "          Amount as string",
                "     ),",
                "     allowSchemaDrift: true,",
                "     validateSchema: false,",
                "     ignoreNoFilesFound: false,",
                "     rowUrlColumn: 'sourceFileName') ~> source3",
                "source1 derive(fileDate = toDate(substring(sourceFileName, 12, 8), 'yyyyMMdd')) ~> derivedColumn1",
                "source2 derive(fileDate = toDate(substring(sourceFileName, 22, 8), 'yyyyMMdd')) ~> derivedColumn2",
                "source3 derive(fileDate = toDate(currentUTC())) ~> derivedColumn3",
                "derivedColumn1 sink(allowSchemaDrift: true,",
                "     validateSchema: false,",
                "     input(",
                "          OrderId as string,",
                "          Product as string,",
                "          Amount as decimal(10,2),",
                "          sourceFileName as string,",
                "          fileDate as date",
                "     ),",
                "     deletable:false,",
                "     insertable:true,",
                "     updateable:false,",
                "     upsertable:false,",
                "     format: 'table',",
                "     skipDuplicateMapInputs: true,",
                "     skipDuplicateMapOutputs: true,",
                "     errorHandlingOption: 'stopOnFirstError',",
                "     mapColumn(",
                "          CustomerID,",
                "          CustomerName,",
                "          City,",
                "          fileDate",
                "     )) ~> sink1",
                "derivedColumn2 sink(allowSchemaDrift: true,",
                "     validateSchema: false,",
                "     input(",
                "          OrderId as string,",
                "          Product as string,",
                "          Amount as decimal(10,2),",
                "          sourceFileName as string,",
                "          fileDate as date",
                "     ),",
                "     deletable:false,",
                "     insertable:true,",
                "     updateable:false,",
                "     upsertable:false,",
                "     format: 'table',",
                "     skipDuplicateMapInputs: true,",
                "     skipDuplicateMapOutputs: true,",
                "     errorHandlingOption: 'stopOnFirstError') ~> sink2",
                "derivedColumn3 sink(allowSchemaDrift: true,",
                "     validateSchema: false,",
                "     input(",
                "          OrderId as string,",
                "          Product as string,",
                "          Amount as decimal(10,2),",
                "          sourceFileName as string,",
                "          fileDate as date",
                "     ),",
                "     deletable:false,",
                "     insertable:true,",
                "     updateable:false,",
                "     upsertable:false,",
                "     format: 'table',",
                "     skipDuplicateMapInputs: true,",
                "     skipDuplicateMapOutputs: true,",
                "     errorHandlingOption: 'stopOnFirstError',",
                "     mapColumn(",
                "          OrderId = OrderID,",
                "          Product,",
                "          Amount,",
                "          sourceFileName,",
                "          fileDate",
                "     )) ~> sink3"
            ]
        }
    }
}