{
    "name": "TruncateLoad",
    "properties": {
        "activities": [
            {
                "name": "GetFilesLIST",
                "type": "GetMetadata",
                "dependsOn": [],
                "policy": {
                    "timeout": "0.12:00:00",
                    "retry": 0,
                    "retryIntervalInSeconds": 30,
                    "secureOutput": false,
                    "secureInput": false
                },
                "userProperties": [],
                "typeProperties": {
                    "dataset": {
                        "referenceName": "ds_binary_folder",
                        "type": "DatasetReference"
                    },
                    "fieldList": [
                        "childItems"
                    ],
                    "storeSettings": {
                        "type": "AzureBlobStorageReadSettings",
                        "enablePartitionDiscovery": false
                    },
                    "formatSettings": {
                        "type": "BinaryReadSettings"
                    }
                }
            },
            {
                "name": "ForEach_Files",
                "description": "@activity('GetFilesLIST').output.childItems",
                "type": "ForEach",
                "dependsOn": [
                    {
                        "activity": "GetFilesLIST",
                        "dependencyConditions": [
                            "Succeeded"
                        ]
                    }
                ],
                "userProperties": [],
                "typeProperties": {
                    "items": {
                        "value": "@activity('GetFilesLIST').output.childItems",
                        "type": "Expression"
                    },
                    "batchCount": 20,
                    "activities": [
                        {
                            "name": "If Condition1",
                            "type": "IfCondition",
                            "dependsOn": [],
                            "userProperties": [],
                            "typeProperties": {
                                "expression": {
                                    "value": "@contains(item().name, 'CUST_MSTR_DATASET')\n",
                                    "type": "Expression"
                                }
                            }
                        },
                        {
                            "name": "Data flow1",
                            "type": "ExecuteDataFlow",
                            "dependsOn": [
                                {
                                    "activity": "If Condition1",
                                    "dependencyConditions": [
                                        "Succeeded"
                                    ]
                                }
                            ],
                            "policy": {
                                "timeout": "0.12:00:00",
                                "retry": 0,
                                "retryIntervalInSeconds": 30,
                                "secureOutput": false,
                                "secureInput": false
                            },
                            "userProperties": [],
                            "typeProperties": {
                                "dataflow": {
                                    "referenceName": "dataflow1",
                                    "type": "DataFlowReference"
                                },
                                "compute": {
                                    "coreCount": 8,
                                    "computeType": "General"
                                },
                                "traceLevel": "Fine"
                            }
                        }
                    ]
                }
            }
        ],
        "annotations": [],
        "lastPublishTime": "2025-07-21T08:25:25Z"
    },
    "type": "Microsoft.DataFactory/factories/pipelines"
}